,date,superbowl_num,winner,winner_points,loser,loser_points,mvp,stadium,city,state,year,latitude,longitude,country,population
0,Feb 2 2020,LIV (54),Kansas City Chiefs,31,San Francisco 49ers,20,Patrick Mahomes,Hard Rock Stadium,Miami Gardens,Florida,2020,25.9433,-80.2426,United States,110001.0
1,Feb 7 2010,XLIV (44),New Orleans Saints,31,Indianapolis Colts,17,Drew Brees,Sun Life Stadium,Miami Gardens,Florida,2010,25.9433,-80.2426,United States,110001.0
2,Feb 4 2007,XLI (41),Indianapolis Colts,29,Chicago Bears,17,Peyton Manning,Dolphin Stadium,Miami Gardens,Florida,2007,25.9433,-80.2426,United States,110001.0
3,Jan 31 1999,XXXIII (33),Denver Broncos,34,Atlanta Falcons,19,John Elway+,Pro Player Stadium,Miami Gardens,Florida,1999,25.9433,-80.2426,United States,110001.0
4,Jan 29 1995,XXIX (29),San Francisco 49ers,49,San Diego Chargers,26,Steve Young+,Joe Robbie Stadium,Miami Gardens,Florida,1995,25.9433,-80.2426,United States,110001.0
5,Jan 22 1989,XXIII (23),San Francisco 49ers,20,Cincinnati Bengals,16,Jerry Rice+,Joe Robbie Stadium,Miami Gardens,Florida,1989,25.9433,-80.2426,United States,110001.0
6,Feb 3 2019,LIII (53),New England Patriots,13,Los Angeles Rams,3,Julian Edelman,Mercedes-Benz Stadium,Atlanta,Georgia,2019,33.7627,-84.4224,United States,5449398.0
8,Jan 30 2000,XXXIV (34),St. Louis Rams,23,Tennessee Titans,16,Kurt Warner+,Georgia Dome,Atlanta,Georgia,2000,33.7627,-84.4224,United States,5449398.0
10,Jan 30 1994,XXVIII (28),Dallas Cowboys,30,Buffalo Bills,13,Emmitt Smith+,Georgia Dome,Atlanta,Georgia,1994,33.7627,-84.4224,United States,5449398.0
12,Feb 4 2018,LII (52),Philadelphia Eagles,41,New England Patriots,33,Nick Foles,U.S. Bank Stadium,Minneapolis,Minnesota,2018,44.9635,-93.2678,United States,2977172.0
13,Jan 26 1992,XXVI (26),Washington Redskins,37,Buffalo Bills,24,Mark Rypien,Metrodome,Minneapolis,Minnesota,1992,44.9635,-93.2678,United States,2977172.0
14,Feb 5 2017,LI (51),New England Patriots,34,Atlanta Falcons,28,Tom Brady,NRG Stadium,Houston,Texas,2017,29.7863,-95.3889,United States,5464251.0
15,Feb 1 2004,XXXVIII (38),New England Patriots,32,Carolina Panthers,29,Tom Brady,Reliant Stadium,Houston,Texas,2004,29.7863,-95.3889,United States,5464251.0
16,Jan 13 1974,VIII (8),Miami Dolphins,24,Minnesota Vikings,7,Larry Csonka+,Rice Stadium,Houston,Texas,1974,29.7863,-95.3889,United States,5464251.0
17,Feb 7 2016,50,Denver Broncos,24,Carolina Panthers,10,Von Miller,Levi's Stadium,Santa Clara,California,2016,37.3645,-121.968,United States,130365.0
19,Feb 1 2015,XLIX (49),New England Patriots,28,Seattle Seahawks,24,Tom Brady,University of Phoenix Stadium,Glendale,Arizona,2015,33.5791,-112.2311,United States,252381.0
24,Feb 3 2008,XLII (42),New York Giants,17,New England Patriots,14,Eli Manning,University of Phoenix Stadium,Glendale,Arizona,2008,33.5791,-112.2311,United States,252381.0
29,Feb 2 2014,XLVIII (48),Seattle Seahawks,43,Denver Broncos,8,Malcolm Smith,MetLife Stadium,East Rutherford,New Jersey,2014,40.8179,-74.0854,United States,9687.0
30,Feb 3 2013,XLVII (47),Baltimore Ravens,34,San Francisco 49ers,31,Joe Flacco,Mercedes-Benz Superdome,New Orleans,Louisiana,2013,30.0687,-89.9288,United States,1020886.0
31,Feb 3 2002,XXXVI (36),New England Patriots,20,St. Louis Rams,17,Tom Brady,Louisiana Superdome,New Orleans,Louisiana,2002,30.0687,-89.9288,United States,1020886.0
32,Jan 26 1997,XXXI (31),Green Bay Packers,35,New England Patriots,21,Desmond Howard,Louisiana Superdome,New Orleans,Louisiana,1997,30.0687,-89.9288,United States,1020886.0
33,Jan 28 1990,XXIV (24),San Francisco 49ers,55,Denver Broncos,10,Joe Montana+,Louisiana Superdome,New Orleans,Louisiana,1990,30.0687,-89.9288,United States,1020886.0
34,Jan 26 1986,XX (20),Chicago Bears,46,New England Patriots,10,Richard Dent+,Louisiana Superdome,New Orleans,Louisiana,1986,30.0687,-89.9288,United States,1020886.0
35,Jan 25 1981,XV (15),Oakland Raiders,27,Philadelphia Eagles,10,Jim Plunkett,Louisiana Superdome,New Orleans,Louisiana,1981,30.0687,-89.9288,United States,1020886.0
36,Jan 15 1978,XII (12),Dallas Cowboys,27,Denver Broncos,10,Harvey MartinRandy White+,Superdome,New Orleans,Louisiana,1978,30.0687,-89.9288,United States,1020886.0
37,Jan 12 1975,IX (9),Pittsburgh Steelers,16,Minnesota Vikings,6,Franco Harris+,Tulane Stadium,New Orleans,Louisiana,1975,30.0687,-89.9288,United States,1020886.0
38,Jan 16 1972,VI (6),Dallas Cowboys,24,Miami Dolphins,3,Roger Staubach+,Tulane Stadium,New Orleans,Louisiana,1972,30.0687,-89.9288,United States,1020886.0
39,Jan 11 1970,IV (4),Kansas City Chiefs,23,Minnesota Vikings,7,Len Dawson+,Tulane Stadium,New Orleans,Louisiana,1970,30.0687,-89.9288,United States,1020886.0
40,Feb 5 2012,XLVI (46),New York Giants,21,New England Patriots,17,Eli Manning,Lucas Oil Stadium,Indianapolis,Indiana,2012,39.7771,-86.1458,United States,1588961.0
41,Feb 6 2011,XLV (45),Green Bay Packers,31,Pittsburgh Steelers,25,Aaron Rodgers,Cowboys Stadium,Arlington,Texas,2011,32.6998,-97.125,United States,398854.0
46,Feb 1 2009,XLIII (43),Pittsburgh Steelers,27,Arizona Cardinals,23,Santonio Holmes,Raymond James Stadium,Tampa,Florida,2009,27.9942,-82.4451,United States,2908063.0
47,Jan 28 2001,XXXV (35),Baltimore Ravens,34,New York Giants,7,Ray Lewis+,Raymond James Stadium,Tampa,Florida,2001,27.9942,-82.4451,United States,2908063.0
48,Jan 27 1991,XXV (25),New York Giants,20,Buffalo Bills,19,Ottis Anderson,Tampa Stadium,Tampa,Florida,1991,27.9942,-82.4451,United States,2908063.0
49,Jan 22 1984,XVIII (18),Los Angeles Raiders,38,Washington Redskins,9,Marcus Allen+,Tampa Stadium,Tampa,Florida,1984,27.9942,-82.4451,United States,2908063.0
50,Feb 5 2006,XL (40),Pittsburgh Steelers,21,Seattle Seahawks,10,Hines Ward,Ford Field,Detroit,Michigan,2006,42.3834,-83.1024,United States,3506126.0
51,Feb 6 2005,XXXIX (39),New England Patriots,24,Philadelphia Eagles,21,Deion Branch,Alltel Stadium,Jacksonville,Florida,2005,30.3322,-81.6749,United States,1181496.0
57,Jan 26 2003,XXXVII (37),Tampa Bay Buccaneers,48,Oakland Raiders,21,Dexter Jackson,Qualcomm Stadium,San Diego,California,2003,32.8312,-117.1225,United States,3220118.0
58,Jan 25 1998,XXXII (32),Denver Broncos,31,Green Bay Packers,24,Terrell Davis+,Qualcomm Stadium,San Diego,California,1998,32.8312,-117.1225,United States,3220118.0
59,Jan 31 1988,XXII (22),Washington Redskins,42,Denver Broncos,10,Doug Williams,Jack Murphy Stadium,San Diego,California,1988,32.8312,-117.1225,United States,3220118.0
60,Jan 28 1996,XXX (30),Dallas Cowboys,27,Pittsburgh Steelers,17,Larry Brown,Sun Devil Stadium,Tempe,Arizona,1996,33.3881,-111.9318,United States,195805.0
61,Jan 31 1993,XXVII (27),Dallas Cowboys,52,Buffalo Bills,17,Troy Aikman+,Rose Bowl,Pasadena,California,1993,29.6583,-95.1499,United States,151227.0
64,Jan 25 1987,XXI (21),New York Giants,39,Denver Broncos,20,Phil Simms,Rose Bowl,Pasadena,California,1987,29.6583,-95.1499,United States,151227.0
67,Jan 30 1983,XVII (17),Washington Redskins,27,Miami Dolphins,17,John Riggins+,Rose Bowl,Pasadena,California,1983,29.6583,-95.1499,United States,151227.0
70,Jan 20 1980,XIV (14),Pittsburgh Steelers,31,Los Angeles Rams,19,Terry Bradshaw+,Rose Bowl,Pasadena,California,1980,29.6583,-95.1499,United States,151227.0
73,Jan 9 1977,XI (11),Oakland Raiders,32,Minnesota Vikings,14,Fred Biletnikoff+,Rose Bowl,Pasadena,California,1977,29.6583,-95.1499,United States,151227.0
76,Jan 20 1985,XIX (19),San Francisco 49ers,38,Miami Dolphins,16,Joe Montana+,Stanford Stadium,Palo Alto,California,1985,37.3913,-122.1468,United States,65364.0
77,Jan 24 1982,XVI (16),San Francisco 49ers,26,Cincinnati Bengals,21,Joe Montana+,Pontiac Silverdome,Pontiac,Michigan,1982,42.6493,-83.2878,United States,59438.0
79,Jan 21 1979,XIII (13),Pittsburgh Steelers,35,Dallas Cowboys,31,Terry Bradshaw+,Orange Bowl,Miami,Florida,1979,25.7839,-80.2102,United States,6445545.0
81,Jan 18 1976,X (10),Pittsburgh Steelers,21,Dallas Cowboys,17,Lynn Swann+,Orange Bowl,Miami,Florida,1976,25.7839,-80.2102,United States,6445545.0
83,Jan 17 1971,V (5),Baltimore Colts,16,Dallas Cowboys,13,Chuck Howley,Orange Bowl,Miami,Florida,1971,25.7839,-80.2102,United States,6445545.0
85,Jan 12 1969,III (3),New York Jets,16,Baltimore Colts,7,Joe Namath+,Orange Bowl,Miami,Florida,1969,25.7839,-80.2102,United States,6445545.0
87,Jan 14 1968,II (2),Green Bay Packers,33,Oakland Raiders,14,Bart Starr+,Orange Bowl,Miami,Florida,1968,25.7839,-80.2102,United States,6445545.0
89,Jan 14 1973,VII (7),Miami Dolphins,14,Washington Redskins,7,Jake Scott,Memorial Coliseum,Los Angeles,California,1973,34.1139,-118.4068,United States,12750807.0
90,Jan 15 1967,I (1),Green Bay Packers,35,Kansas City Chiefs,10,Bart Starr+,Memorial Coliseum,Los Angeles,California,1967,34.1139,-118.4068,United States,12750807.0
